elements,time
128,5.35452e-06
256,9.97064e-06
512,1.75135e-05
1024,3.39614e-05
2048,6.73122e-05
4096,0.000140037
8192,0.000277618
16384,0.000549243
