elements,time
128,5.60678e-06
256,1.02495e-05
512,2.02475e-05
1024,3.69037e-05
2048,7.22746e-05
4096,0.00014693
8192,0.000291457
16384,0.000569305
