elements,time
128,8.5882e-07
256,1.23028e-06
512,2.13908e-06
1024,3.9444e-06
2048,7.85906e-06
4096,1.43201e-05
8192,2.80952e-05
16384,5.80597e-05
