elements,time
128,6.21408e-06
256,8.0521e-06
512,9.98422e-06
1024,1.57828e-05
2048,2.91689e-05
4096,5.01628e-05
8192,9.12958e-05
16384,0.00018588
