elements,time
128,5.76416e-06
256,6.61454e-06
512,7.89508e-06
1024,1.17476e-05
2048,1.58968e-05
4096,2.52443e-05
8192,3.74554e-05
16384,7.08267e-05
