elements,time
128,7.70588e-06
256,9.2979e-06
512,1.13747e-05
1024,1.85357e-05
2048,3.21239e-05
4096,5.76226e-05
8192,0.000110813
16384,0.000223142
