elements,time
128,6.51334e-06
256,9.8149e-06
512,1.11892e-05
1024,1.79269e-05
2048,3.35051e-05
4096,5.82556e-05
8192,0.000110633
16384,0.000225
