elements,time
128,6.53934e-06
256,8.19368e-06
512,1.14899e-05
1024,1.8036e-05
2048,3.10304e-05
4096,5.87915e-05
8192,0.000112557
16384,0.000220216
