elements,time
128,7.28228e-06
256,9.93816e-06
512,1.14738e-05
1024,1.80117e-05
2048,3.25788e-05
4096,5.70331e-05
8192,0.000109739
16384,0.0002228
