elements,time
128,6.12372e-06
256,6.47902e-06
512,7.7907e-06
1024,1.07469e-05
2048,1.51989e-05
4096,2.27966e-05
8192,3.88196e-05
16384,6.82126e-05
