elements,time
128,6.97736e-06
256,7.66972e-06
512,9.80634e-06
1024,1.51574e-05
2048,2.56775e-05
4096,4.66629e-05
8192,8.68828e-05
16384,0.000170863
