elements,time
128,6.15056e-06
256,7.72688e-06
512,1.14116e-05
1024,1.80418e-05
2048,2.85575e-05
4096,5.10732e-05
8192,9.45194e-05
16384,0.000185664
