elements,time
128,6.49826e-06
256,8.08802e-06
512,1.12671e-05
1024,1.57935e-05
2048,2.80355e-05
4096,4.95262e-05
8192,9.50895e-05
16384,0.000181879
