elements,time
128,5.99824e-06
256,7.61054e-06
512,1.10755e-05
1024,1.6692e-05
2048,2.7088e-05
4096,4.82411e-05
8192,8.85355e-05
16384,0.000173389
