elements,time
128,1.30332e-06
256,1.94494e-06
512,3.33712e-06
1024,6.05368e-06
2048,1.1571e-05
4096,2.31375e-05
8192,4.34755e-05
16384,8.42745e-05
