elements,time
128,6.40066e-06
256,8.19112e-06
512,1.12647e-05
1024,1.86534e-05
2048,3.13415e-05
4096,5.86091e-05
8192,0.000110983
16384,0.000220746
