elements,time
128,6.00344e-06
256,7.9874e-06
512,1.06162e-05
1024,1.60794e-05
2048,2.77944e-05
4096,5.02725e-05
8192,9.85208e-05
16384,0.000187992
