elements,time
128,6.75334e-06
256,8.03948e-06
512,1.13557e-05
1024,1.64231e-05
2048,2.75646e-05
4096,4.90919e-05
8192,9.32575e-05
16384,0.000186932
