algorithm,array_length,time
auto,512,8.70574e-06
auto,1024,1.12195e-05
auto,2048,1.42052e-05
auto,4096,2.22725e-05
auto,8192,3.90503e-05
avx,512,3.5721e-06
avx,1024,6.84056e-06
avx,2048,1.16947e-05
avx,4096,2.16716e-05
avx,8192,4.25773e-05
plain,512,1.05807e-05
plain,1024,1.62574e-05
plain,2048,2.75074e-05
plain,4096,4.94123e-05
plain,8192,9.23324e-05
