algorithm,array_length,time
plain,512,1.07498e-05
plain,1024,1.46287e-05
plain,2048,2.01545e-05
plain,4096,3.49522e-05
plain,8192,5.79379e-05
plain,16384,0.000106533
auto,512,8.06904e-06
auto,1024,9.5187e-06
auto,2048,9.5049e-06
auto,4096,1.22155e-05
auto,8192,1.81581e-05
auto,16384,3.11095e-05
avx,512,2.17368e-06
avx,1024,3.23484e-06
avx,2048,5.64122e-06
avx,4096,1.27265e-05
avx,8192,2.21068e-05
avx,16384,4.76246e-05
