algorithm,array_length,time
plain,512,1.10428e-05
plain,1024,1.6677e-05
plain,2048,2.78958e-05
plain,4096,4.86355e-05
plain,8192,9.44277e-05
plain,16384,0.000184699
auto,512,8.20376e-06
auto,1024,1.13355e-05
auto,2048,1.70942e-05
auto,4096,2.40927e-05
auto,8192,3.68373e-05
auto,16384,6.87114e-05
avx,512,3.35942e-06
avx,1024,6.07236e-06
avx,2048,1.30775e-05
avx,4096,2.18371e-05
avx,8192,4.32984e-05
avx,16384,8.34718e-05
