elements,time
128,6.15224e-06
256,7.41988e-06
512,1.04769e-05
1024,1.27019e-05
2048,1.73987e-05
4096,2.67722e-05
8192,4.24009e-05
16384,7.49148e-05
