elements,time
128,6.05886e-06
256,7.41744e-06
512,9.8962e-06
1024,1.56059e-05
2048,2.52045e-05
4096,4.56296e-05
8192,9.08315e-05
16384,0.000168764
