elements,time
128,5.48364e-06
256,8.01912e-06
512,8.8875e-06
1024,1.04904e-05
2048,1.57551e-05
4096,2.35495e-05
8192,3.60347e-05
16384,6.72819e-05
