elements,time
128,6.71774e-06
256,8.3612e-06
512,1.09375e-05
1024,1.75419e-05
2048,3.10087e-05
4096,5.54784e-05
8192,0.000106557
16384,0.000213851
