elements,time
128,6.0336e-06
256,7.22336e-06
512,1.00236e-05
1024,1.65239e-05
2048,2.47551e-05
4096,4.61903e-05
8192,8.55459e-05
16384,0.000172696
