elements,time
128,6.03336e-06
256,7.53806e-06
512,1.00437e-05
1024,1.63461e-05
2048,2.58816e-05
4096,4.71753e-05
8192,8.80517e-05
16384,0.000174823
